Route,Channel,Time Window,Failure Risk,volume_in_window,volume_spike_ratio,timeout_rate,success_rate,rolling_failure_rate,route_fragility,is_peak_hour,provider_load_norm,Provider,Transaction Count,Reason,Recommended Action,Timeout Rate (%),Success Rate (%),Volume Spike Ratio
Route_A,CASH_IN,00-02,Low,992.0,0.1390597347071089,0.05731663453253875,0.9426833654674612,0.0,0.1,0,0.024877008591821143,Provider_1,179,Low observable stress across all signals,Normal operation. Maintain standard monitoring cadence.,5.7,94.3,0.14
Route_A,CASH_IN,03-05,Low,53.0,0.0074296027615693,0.0827656956147954,0.9172343043852046,0.0,0.1,0,1.284224585195459e-05,Provider_2,7,Low observable stress across all signals,Normal operation. Maintain standard monitoring cadence.,8.3,91.7,0.01
Route_A,CASH_IN,06-08,Low,362.0,0.0507455886733603,0.060295633652906404,0.9397043663470935,0.0,0.1,0,0.007999742038365875,Provider_2,69,Low observable stress across all signals,Normal operation. Maintain standard monitoring cadence.,6.0,94.0,0.05
Route_A,CASH_IN,09-11,Low,10354.0,1.4514359810054496,0.14037497307782384,0.8596250269221761,0.0,0.1,0,0.28036011004350564,Provider_2,2517,Low observable stress across all signals,Normal operation. Maintain standard monitoring cadence.,14.0,86.0,1.45
Route_A,CASH_IN,12-14,Low,12643.0,1.7723107115947363,0.14822296149209274,0.8517770385079072,0.0,0.1,0,0.34257650764752523,Provider_2,2997,Low observable stress across all signals,Normal operation. Maintain standard monitoring cadence.,14.8,85.2,1.77
Route_A,CASH_IN,15-17,Low,11562.0,1.620774851495558,0.14309983587151984,0.8569001641284801,0.0,0.1,0,0.3123327723973032,Provider_1,2710,Low observable stress across all signals,Normal operation. Maintain standard monitoring cadence.,14.3,85.7,1.62
Route_A,CASH_IN,18-20,Low,15738.0,2.206171476633549,0.16422997808581444,0.8357700219141855,0.0,0.1,1,0.4298969318040053,Provider_1,3626,Transaction spike above normal load; Peak hour traffic (18:00–21:00); Rising timeout rate detected,Normal operation. Maintain standard monitoring cadence.,16.4,83.6,2.21
Route_A,CASH_IN,21-23,Low,5365.0,0.7520720531286688,0.0946874423256672,0.9053125576743327,0.0,0.1,1,0.14097330024001423,Provider_1,1107,Peak hour traffic (18:00–21:00),Normal operation. Maintain standard monitoring cadence.,9.5,90.5,0.75
Route_A,CASH_OUT,00-02,Low,992.0,0.1390597347071089,0.057044677425772176,0.9429553225742278,0.0,0.1,0,0.02482226866834467,Provider_2,120,Low observable stress across all signals,Normal operation. Maintain standard monitoring cadence.,5.7,94.3,0.14
Route_A,CASH_OUT,03-05,Low,53.0,0.007429602761569299,0.06576115582678665,0.9342388441732133,0.0,0.1,0,2.247393024092053e-06,Provider_1,10,Low observable stress across all signals,Normal operation. Maintain standard monitoring cadence.,6.6,93.4,0.01
Route_A,CASH_OUT,06-08,Low,362.0,0.0507455886733603,0.060742940021567673,0.9392570599784323,0.0,0.1,0,0.008002966558791746,Provider_2,60,Low observable stress across all signals,Normal operation. Maintain standard monitoring cadence.,6.1,93.9,0.05
Route_A,CASH_OUT,09-11,Low,10354.0,1.4514359810054496,0.14050388181240475,0.8594961181875951,0.0,0.1,0,0.2794615667700467,Provider_2,2880,Low observable stress across all signals,Normal operation. Maintain standard monitoring cadence.,14.1,85.9,1.45
Route_A,CASH_OUT,12-14,Low,12643.0,1.7723107115947363,0.14857732646886462,0.8514226735311353,0.0,0.1,0,0.3409128345251245,Provider_2,3674,Low observable stress across all signals,Normal operation. Maintain standard monitoring cadence.,14.9,85.1,1.77
Route_A,CASH_OUT,15-17,Low,11562.0,1.6207748514955578,0.14441820444043565,0.8555817955595644,0.0,0.1,0,0.3123586998568534,Provider_2,3352,Low observable stress across all signals,Normal operation. Maintain standard monitoring cadence.,14.4,85.6,1.62
Route_A,CASH_OUT,18-20,Low,15738.0,2.206171476633549,0.16314702585051075,0.8368529741494892,0.0,0.1,1,0.42880333213731414,Provider_1,4627,Transaction spike above normal load; Peak hour traffic (18:00–21:00); Rising timeout rate detected,Normal operation. Maintain standard monitoring cadence.,16.3,83.7,2.21
Route_A,CASH_OUT,21-23,Low,5365.0,0.7520720531286688,0.09732001126128491,0.9026799887387151,0.0,0.1,1,0.1410557185867783,Provider_2,944,Peak hour traffic (18:00–21:00),Normal operation. Maintain standard monitoring cadence.,9.7,90.3,0.75
Route_A,DEBIT,00-02,Low,992.0,0.1390597347071089,0.05569271402510694,0.944307285974893,0.0,0.1,0,0.024498312726468015,Provider_1,26,Low observable stress across all signals,Normal operation. Maintain standard monitoring cadence.,5.6,94.4,0.14
Route_A,DEBIT,03-05,Low,53.0,0.0074296027615693,0.0733250764598851,0.9266749235401148,0.0,0.1,0,0.0,Provider_1,1,Low observable stress across all signals,Normal operation. Maintain standard monitoring cadence.,7.3,92.7,0.01
Route_A,DEBIT,06-08,Low,362.0,0.0507455886733603,0.06240107011114085,0.9375989298888591,0.0,0.1,0,0.007854638619201675,Provider_1,4,Low observable stress across all signals,Normal operation. Maintain standard monitoring cadence.,6.2,93.8,0.05
Route_A,DEBIT,09-11,Low,10354.0,1.4514359810054496,0.14128763087849625,0.8587123691215037,0.0,0.1,0,0.27913723853914363,Provider_2,53,Low observable stress across all signals,Normal operation. Maintain standard monitoring cadence.,14.1,85.9,1.45
Route_A,DEBIT,12-14,Low,12643.0,1.772310711594736,0.1498960434605288,0.8501039565394711,0.0,0.1,0,0.34223550681209797,Provider_2,81,Low observable stress across all signals,Normal operation. Maintain standard monitoring cadence.,15.0,85.0,1.77
Route_A,DEBIT,15-17,Low,11562.0,1.620774851495558,0.14658289142694486,0.8534171085730551,0.0,0.1,0,0.3152033471681324,Provider_1,59,Low observable stress across all signals,Normal operation. Maintain standard monitoring cadence.,14.7,85.3,1.62
Route_A,DEBIT,18-20,Low,15738.0,2.206171476633549,0.1621577658719152,0.8378422341280848,0.0,0.1,1,0.4285914945805722,Provider_2,84,Transaction spike above normal load; Peak hour traffic (18:00–21:00); Rising timeout rate detected,Normal operation. Maintain standard monitoring cadence.,16.2,83.8,2.21
Route_A,DEBIT,21-23,Low,5365.0,0.7520720531286688,0.08812071309964768,0.9118792869003522,0.0,0.1,1,0.14108127109865984,Provider_1,67,Peak hour traffic (18:00–21:00),Normal operation. Maintain standard monitoring cadence.,8.8,91.2,0.75
Route_A,PAYMENT,00-02,Low,992.0,0.1390597347071089,0.05765082883903474,0.9423491711609653,0.0,0.1,0,0.02488505598698874,Provider_1,543,Low observable stress across all signals,Normal operation. Maintain standard monitoring cadence.,5.8,94.2,0.14
Route_A,PAYMENT,03-05,Low,53.0,0.0074296027615693,0.07504565929156165,0.9249543407084384,0.0,0.1,0,1.1236965120460267e-05,Provider_1,22,Low observable stress across all signals,Normal operation. Maintain standard monitoring cadence.,7.5,92.5,0.01
Route_A,PAYMENT,06-08,Low,362.0,0.0507455886733603,0.0620319692251815,0.9379680307748185,0.0,0.1,0,0.008098437304439498,Provider_1,181,Low observable stress across all signals,Normal operation. Maintain standard monitoring cadence.,6.2,93.8,0.05
Route_A,PAYMENT,09-11,Low,10354.0,1.4514359810054496,0.141148014658451,0.8588519853415489,0.0,0.1,0,0.27941839398181334,Provider_1,3494,Low observable stress across all signals,Normal operation. Maintain standard monitoring cadence.,14.1,85.9,1.45
Route_A,PAYMENT,12-14,Low,12643.0,1.7723107115947363,0.14860579307440258,0.8513942069255974,0.0,0.1,0,0.34135758541034805,Provider_1,4202,Low observable stress across all signals,Normal operation. Maintain standard monitoring cadence.,14.9,85.1,1.77
Route_A,PAYMENT,15-17,Low,11562.0,1.620774851495558,0.14327571601177483,0.8567242839882252,0.0,0.1,0,0.31194018051900263,Provider_2,3855,Low observable stress across all signals,Normal operation. Maintain standard monitoring cadence.,14.3,85.7,1.62
Route_A,PAYMENT,18-20,Low,15738.0,2.206171476633549,0.16338385105699849,0.8366161489430014,0.0,0.1,1,0.42817367666943323,Provider_1,5403,Transaction spike above normal load; Peak hour traffic (18:00–21:00); Rising timeout rate detected,Normal operation. Maintain standard monitoring cadence.,16.3,83.7,2.21
Route_A,PAYMENT,21-23,Low,5365.0,0.7520720531286688,0.0932089424034967,0.9067910575965032,0.0,0.1,1,0.14117646894088834,Provider_2,2568,Peak hour traffic (18:00–21:00),Normal operation. Maintain standard monitoring cadence.,9.3,90.7,0.75
Route_A,TRANSFER,00-02,Low,992.0,0.1390597347071089,0.06066837349866544,0.9393316265013345,0.0,0.1,0,0.02497723608356237,Provider_2,124,Low observable stress across all signals,Normal operation. Maintain standard monitoring cadence.,6.1,93.9,0.14
Route_A,TRANSFER,03-05,Low,53.0,0.0074296027615693,0.0700822486995235,0.9299177513004764,0.0,0.1,0,6.915055458744779e-06,Provider_1,13,Low observable stress across all signals,Normal operation. Maintain standard monitoring cadence.,7.0,93.0,0.01
Route_A,TRANSFER,06-08,Low,362.0,0.0507455886733603,0.06564315156862817,0.9343568484313717,0.0,0.1,0,0.008194556814095586,Provider_2,48,Low observable stress across all signals,Normal operation. Maintain standard monitoring cadence.,6.6,93.4,0.05
Route_A,TRANSFER,09-11,Low,10354.0,1.4514359810054496,0.14159673493902938,0.8584032650609705,0.0,0.1,0,0.2784837939054526,Provider_1,1410,Low observable stress across all signals,Normal operation. Maintain standard monitoring cadence.,14.2,85.8,1.45
Route_A,TRANSFER,12-14,Low,12643.0,1.7723107115947363,0.14922784754178758,0.8507721524582124,0.0,0.1,0,0.34032200711118266,Provider_1,1689,Low observable stress across all signals,Normal operation. Maintain standard monitoring cadence.,14.9,85.1,1.77
Route_A,TRANSFER,15-17,Low,11562.0,1.620774851495558,0.14307894543125843,0.8569210545687416,0.0,0.1,0,0.31245071605966085,Provider_1,1586,Low observable stress across all signals,Normal operation. Maintain standard monitoring cadence.,14.3,85.7,1.62
Route_A,TRANSFER,18-20,Low,15738.0,2.206171476633549,0.16393872518826955,0.8360612748117304,0.0,0.1,1,0.42806844060889365,Provider_1,1998,Transaction spike above normal load; Peak hour traffic (18:00–21:00); Rising timeout rate detected,Normal operation. Maintain standard monitoring cadence.,16.4,83.6,2.21
Route_A,TRANSFER,21-23,Low,5365.0,0.7520720531286688,0.0943778691049796,0.9056221308950204,0.0,0.1,1,0.14128204802311495,Provider_2,679,Peak hour traffic (18:00–21:00),Normal operation. Maintain standard monitoring cadence.,9.4,90.6,0.75
Route_B,CASH_IN,00-02,Low,1035.0,0.1447754930759547,0.06219458096253628,0.9378054190374636,0.0,0.1,0,0.037305762748366916,Provider_1,187,Low observable stress across all signals,Normal operation. Maintain standard monitoring cadence.,6.2,93.8,0.14
Route_B,CASH_IN,03-05,Low,46.0,0.0064344663589313,0.07526598333966088,0.924734016660339,0.0,0.1,0,0.0007600274590565454,Provider_1,11,Low observable stress across all signals,Normal operation. Maintain standard monitoring cadence.,7.5,92.5,0.01
Route_B,CASH_IN,06-08,Low,367.0,0.0513358511679955,0.06603955911019323,0.9339604408898068,0.0,0.1,0,0.013673672438276633,Provider_3,59,Low observable stress across all signals,Normal operation. Maintain standard monitoring cadence.,6.6,93.4,0.05
Route_B,CASH_IN,09-11,Low,10262.0,1.4354455168555045,0.1402195740866853,0.8597804259133146,0.0,0.1,0,0.44691785338569995,Provider_1,2447,Low observable stress across all signals,Normal operation. Maintain standard monitoring cadence.,14.0,86.0,1.44
Route_B,CASH_IN,12-14,Low,12448.0,1.741222548608197,0.14882603371862832,0.8511739662813717,0.0,0.1,0,0.5447098152334087,Provider_1,2998,Low observable stress across all signals,Normal operation. Maintain standard monitoring cadence.,14.9,85.1,1.74
Route_B,CASH_IN,15-17,Low,11624.0,1.6259616729612534,0.14311644453494946,0.8568835554650505,0.0,0.1,0,0.50449434134601,Provider_1,2729,Low observable stress across all signals,Normal operation. Maintain standard monitoring cadence.,14.3,85.7,1.63
Route_B,CASH_IN,18-20,Medium,15997.0,2.237655616170094,0.16378139368739705,0.836218606312603,0.0,0.1,1,0.6964952329141038,Provider_3,3716,Transaction spike above normal load; Peak hour traffic (18:00–21:00); Rising timeout rate detected,Monitor closely. Pre-position fallback route. Notify on-call engineer.,16.4,83.6,2.24
Route_B,CASH_IN,21-23,Low,5413.0,0.7571688348020702,0.0944536831185689,0.9055463168814311,0.0,0.1,1,0.22954072358632793,Provider_3,1090,Peak hour traffic (18:00–21:00),Normal operation. Maintain standard monitoring cadence.,9.4,90.6,0.76
Route_B,CASH_OUT,00-02,Low,1035.0,0.1447754930759547,0.056827818866126686,0.9431721811338732,0.0,0.1,0,0.04070394621309043,Provider_3,129,Low observable stress across all signals,Normal operation. Maintain standard monitoring cadence.,5.7,94.3,0.14
Route_B,CASH_OUT,03-05,Low,46.0,0.0064344663589313,0.06621800205715665,0.9337819979428433,0.0,0.1,0,0.000464461224979,Provider_3,6,Low observable stress across all signals,Normal operation. Maintain standard monitoring cadence.,6.6,93.4,0.01
Route_B,CASH_OUT,06-08,Low,367.0,0.0513358511679955,0.06886064151677782,0.9311393584832222,0.0,0.1,0,0.014713483829346142,Provider_3,68,Low observable stress across all signals,Normal operation. Maintain standard monitoring cadence.,6.9,93.1,0.05
Route_B,CASH_OUT,09-11,Low,10262.0,1.4354455168555045,0.1397488315400091,0.860251168459991,0.0,0.1,0,0.4503848423153086,Provider_1,2769,Low observable stress across all signals,Normal operation. Maintain standard monitoring cadence.,14.0,86.0,1.44
Route_B,CASH_OUT,12-14,Low,12448.0,1.741222548608197,0.14853143355576878,0.8514685664442312,0.0,0.1,0,0.549363101819473,Provider_3,3526,Low observable stress across all signals,Normal operation. Maintain standard monitoring cadence.,14.9,85.1,1.74
Route_B,CASH_OUT,15-17,Low,11624.0,1.6259616729612534,0.14342984656956373,0.8565701534304362,0.0,0.1,0,0.5117089241415024,Provider_1,3465,Low observable stress across all signals,Normal operation. Maintain standard monitoring cadence.,14.3,85.7,1.63
Route_B,CASH_OUT,18-20,Medium,15997.0,2.237655616170094,0.16373863599277003,0.83626136400723,0.0,0.1,1,0.7057484512369493,Provider_1,4789,Transaction spike above normal load; Peak hour traffic (18:00–21:00); Provider handling elevated cross-route load; Rising timeout rate detected,Monitor closely. Pre-position fallback route. Notify on-call engineer.,16.4,83.6,2.24
Route_B,CASH_OUT,21-23,Low,5413.0,0.7571688348020702,0.09587100309838768,0.9041289969016122,0.0,0.1,1,0.23025345644923445,Provider_3,981,Peak hour traffic (18:00–21:00),Normal operation. Maintain standard monitoring cadence.,9.6,90.4,0.76
Route_B,DEBIT,00-02,Low,1035.0,0.1447754930759547,0.05713161568282869,0.9428683843171711,0.0,0.1,0,0.0384175784661221,Provider_1,28,Low observable stress across all signals,Normal operation. Maintain standard monitoring cadence.,5.7,94.3,0.14
Route_B,DEBIT,03-05,Low,46.0,0.0064344663589313,0.0797268998538849,0.9202731001461152,0.0,0.1,0,0.001393383674937,Provider_3,1,Low observable stress across all signals,Normal operation. Maintain standard monitoring cadence.,8.0,92.0,0.01
Route_B,DEBIT,06-08,Low,367.0,0.0513358511679955,0.06233280833112165,0.9376671916688784,0.0,0.1,0,0.010995370370370326,Provider_1,4,Low observable stress across all signals,Normal operation. Maintain standard monitoring cadence.,6.2,93.8,0.05
Route_B,DEBIT,09-11,Low,10262.0,1.4354455168555045,0.13896025909165274,0.8610397409083471,0.0,0.1,0,0.39526874435411025,Provider_3,82,Low observable stress across all signals,Normal operation. Maintain standard monitoring cadence.,13.9,86.1,1.44
Route_B,DEBIT,12-14,Low,12448.0,1.741222548608197,0.14968449460081526,0.8503155053991847,0.0,0.1,0,0.5654515761716409,Provider_3,60,Low observable stress across all signals,Normal operation. Maintain standard monitoring cadence.,15.0,85.0,1.74
Route_B,DEBIT,15-17,Low,11624.0,1.6259616729612534,0.1452572791782928,0.8547427208217072,0.0,0.1,0,0.5044230271832044,Provider_1,57,Low observable stress across all signals,Normal operation. Maintain standard monitoring cadence.,14.5,85.5,1.63
Route_B,DEBIT,18-20,Medium,15997.0,2.237655616170094,0.16288939641338504,0.8371106035866149,0.0,0.1,1,0.7096741907294515,Provider_1,86,Transaction spike above normal load; Peak hour traffic (18:00–21:00); Provider handling elevated cross-route load; Rising timeout rate detected,Monitor closely. Pre-position fallback route. Notify on-call engineer.,16.3,83.7,2.24
Route_B,DEBIT,21-23,Low,5413.0,0.7571688348020702,0.09236576637227437,0.9076342336277256,0.0,0.1,1,0.24328310409924486,Provider_3,64,Peak hour traffic (18:00–21:00),Normal operation. Maintain standard monitoring cadence.,9.2,90.8,0.76
Route_B,PAYMENT,00-02,Low,1035.0,0.1447754930759547,0.060778353800543125,0.9392216461994568,0.0,0.1,0,0.042907950725969514,Provider_3,547,Low observable stress across all signals,Normal operation. Maintain standard monitoring cadence.,6.1,93.9,0.14
Route_B,PAYMENT,03-05,Low,46.0,0.0064344663589313,0.06221119071793489,0.937788809282065,0.0,0.1,0,0.0004976370267632143,Provider_1,14,Low observable stress across all signals,Normal operation. Maintain standard monitoring cadence.,6.2,93.8,0.01
Route_B,PAYMENT,06-08,Low,367.0,0.051335851167995494,0.07091823874971159,0.9290817612502884,0.0,0.1,0,0.015606926086221854,Provider_1,166,Low observable stress across all signals,Normal operation. Maintain standard monitoring cadence.,7.1,92.9,0.05
Route_B,PAYMENT,09-11,Low,10262.0,1.4354455168555045,0.1402248245635087,0.8597751754364913,0.0,0.1,0,0.4505721213236529,Provider_1,3523,Low observable stress across all signals,Normal operation. Maintain standard monitoring cadence.,14.0,86.0,1.44
Route_B,PAYMENT,12-14,Low,12448.0,1.741222548608197,0.1481301064302479,0.8518698935697521,0.0,0.1,0,0.5517384175608994,Provider_3,4167,Low observable stress across all signals,Normal operation. Maintain standard monitoring cadence.,14.8,85.2,1.74
Route_B,PAYMENT,15-17,Low,11624.0,1.6259616729612534,0.14414841038356027,0.8558515896164396,0.0,0.1,0,0.5061476970316229,Provider_1,3787,Low observable stress across all signals,Normal operation. Maintain standard monitoring cadence.,14.4,85.6,1.63
Route_B,PAYMENT,18-20,Medium,15997.0,2.237655616170094,0.16446179692181603,0.8355382030781839,0.0,0.1,1,0.6965224253030201,Provider_3,5424,Transaction spike above normal load; Peak hour traffic (18:00–21:00); Rising timeout rate detected,Monitor closely. Pre-position fallback route. Notify on-call engineer.,16.4,83.6,2.24
Route_B,PAYMENT,21-23,Low,5413.0,0.7571688348020702,0.0934377832069661,0.906562216793034,0.0,0.1,1,0.22870182288240762,Provider_3,2624,Peak hour traffic (18:00–21:00),Normal operation. Maintain standard monitoring cadence.,9.3,90.7,0.76
Route_B,TRANSFER,00-02,Low,1035.0,0.1447754930759547,0.059073361071065394,0.9409266389289345,0.0,0.1,0,0.04060009139398293,Provider_3,144,Low observable stress across all signals,Normal operation. Maintain standard monitoring cadence.,5.9,94.1,0.14
Route_B,TRANSFER,03-05,Low,46.0,0.0064344663589313,0.07407354614636033,0.9259264538536396,0.0,0.1,0,0.0006966918374685,Provider_3,14,Low observable stress across all signals,Normal operation. Maintain standard monitoring cadence.,7.4,92.6,0.01
Route_B,TRANSFER,06-08,Low,367.0,0.0513358511679955,0.06758146521840723,0.9324185347815928,0.0,0.1,0,0.01470758206195094,Provider_1,70,Low observable stress across all signals,Normal operation. Maintain standard monitoring cadence.,6.8,93.2,0.05
Route_B,TRANSFER,09-11,Low,10262.0,1.4354455168555045,0.13931519794165484,0.8606848020583452,0.0,0.1,0,0.4477711943666513,Provider_1,1441,Low observable stress across all signals,Normal operation. Maintain standard monitoring cadence.,13.9,86.1,1.44
Route_B,TRANSFER,12-14,Low,12448.0,1.741222548608197,0.14824108577000272,0.8517589142299973,0.0,0.1,0,0.5499218564096762,Provider_1,1697,Low observable stress across all signals,Normal operation. Maintain standard monitoring cadence.,14.8,85.2,1.74
Route_B,TRANSFER,15-17,Low,11624.0,1.6259616729612534,0.14435186274568296,0.855648137254317,0.0,0.1,0,0.5127917756638113,Provider_3,1586,Low observable stress across all signals,Normal operation. Maintain standard monitoring cadence.,14.4,85.6,1.63
Route_B,TRANSFER,18-20,Medium,15997.0,2.237655616170094,0.16416336427511843,0.8358366357248815,0.0,0.1,1,0.6875233697125259,Provider_1,1982,Transaction spike above normal load; Peak hour traffic (18:00–21:00); Rising timeout rate detected,Monitor closely. Pre-position fallback route. Notify on-call engineer.,16.4,83.6,2.24
Route_B,TRANSFER,21-23,Low,5413.0,0.7571688348020702,0.09601348341901267,0.9039865165809873,0.0,0.1,1,0.23025345644923448,Provider_3,654,Peak hour traffic (18:00–21:00),Normal operation. Maintain standard monitoring cadence.,9.6,90.4,0.76
Route_C,CASH_IN,00-02,Low,1211.0,0.1223989589518767,0.07086028909486014,0.9291397109051398,0.0,0.3,0,0.045154212023144,Provider_2,231,Low observable stress across all signals,Normal operation. Maintain standard monitoring cadence.,7.1,92.9,0.12
Route_C,CASH_IN,03-05,Low,59.0,0.0059632853659461,0.06563588468025505,0.934364115319745,0.0,0.3,0,0.0010016951764524058,Provider_3,7,Low observable stress across all signals,Normal operation. Maintain standard monitoring cadence.,6.6,93.4,0.01
Route_C,CASH_IN,06-08,Low,455.0,0.0459880481611097,0.08336225981549909,0.916637740184501,0.0,0.3,0,0.01594650205761309,Provider_2,81,Low observable stress across all signals,Normal operation. Maintain standard monitoring cadence.,8.3,91.7,0.05
Route_C,CASH_IN,09-11,Medium,14315.0,1.4468547459918384,0.170652186092235,0.829347813907765,0.0,0.3,0,0.5059238069553603,Provider_3,3150,Rising timeout rate detected,Monitor closely. Pre-position fallback route. Notify on-call engineer.,17.1,82.9,1.45
Route_C,CASH_IN,12-14,Medium,17885.0,1.8076840469482383,0.18541770668141594,0.814582293318584,0.0,0.3,0,0.6308607101086972,Provider_3,3809,Transaction spike above normal load; Rising timeout rate detected,Monitor closely. Pre-position fallback route. Notify on-call engineer.,18.5,81.5,1.81
Route_C,CASH_IN,15-17,Medium,16303.0,1.6477871410342255,0.17663481328496577,0.8233651867150342,0.0,0.3,0,0.5830510706940786,Provider_2,3442,Rising timeout rate detected,Monitor closely. Pre-position fallback route. Notify on-call engineer.,17.7,82.3,1.65
Route_C,CASH_IN,18-20,High,22276.0,2.251493979861278,0.2049821348619615,0.7950178651380385,0.3333333333333333,0.3,1,0.8009848747416427,Provider_3,4594,Transaction spike above normal load; Sustained pressure across recent windows; Peak hour traffic (18:00–21:00); Provider handling elevated cross-route load; Rising timeout rate detected,Activate fallback routing. Alert operations team. Monitor every 15 min.,20.5,79.5,2.25
Route_C,CASH_IN,21-23,Low,6647.0,0.6718297936854872,0.11634508103889225,0.8836549189611078,0.3333333333333333,0.3,1,0.25895799545296333,Provider_2,1311,Sustained pressure across recent windows; Peak hour traffic (18:00–21:00),Normal operation. Maintain standard monitoring cadence.,11.6,88.4,0.67
Route_C,CASH_OUT,00-02,Medium,1211.0,0.1223989589518767,0.07129308309545362,0.9287069169045463,0.0,0.3,0,0.047823196678568665,Provider_2,271,Low observable stress across all signals,Monitor closely. Pre-position fallback route. Notify on-call engineer.,7.1,92.9,0.12
Route_C,CASH_OUT,03-05,Low,59.0,0.0059632853659461,0.07341657750040537,0.9265834224995946,0.0,0.3,0,0.0008161585192754928,Provider_3,19,Low observable stress across all signals,Normal operation. Maintain standard monitoring cadence.,7.3,92.7,0.01
Route_C,CASH_OUT,06-08,Low,455.0,0.0459880481611097,0.08040287551967461,0.9195971244803255,0.0,0.3,0,0.017581676683618354,Provider_2,140,Low observable stress across all signals,Normal operation. Maintain standard monitoring cadence.,8.0,92.0,0.05
Route_C,CASH_OUT,09-11,Medium,14315.0,1.4468547459918384,0.1705219630749038,0.8294780369250961,0.0,0.3,0,0.5128859151112185,Provider_3,6737,Rising timeout rate detected,Monitor closely. Pre-position fallback route. Notify on-call engineer.,17.1,82.9,1.45
Route_C,CASH_OUT,12-14,Medium,17885.0,1.8076840469482385,0.18533436056063202,0.8146656394393679,0.0,0.3,0,0.6273364958503805,Provider_3,8730,Transaction spike above normal load; Rising timeout rate detected,Monitor closely. Pre-position fallback route. Notify on-call engineer.,18.5,81.5,1.81
Route_C,CASH_OUT,15-17,Medium,16303.0,1.6477871410342255,0.17702156927301813,0.8229784307269818,0.0,0.3,0,0.5807979720078346,Provider_3,7933,Rising timeout rate detected,Monitor closely. Pre-position fallback route. Notify on-call engineer.,17.7,82.3,1.65
Route_C,CASH_OUT,18-20,High,22276.0,2.251493979861278,0.20501117083194528,0.7949888291680547,0.3333333333333333,0.3,1,0.7961507451757714,Provider_2,10952,Transaction spike above normal load; Sustained pressure across recent windows; Peak hour traffic (18:00–21:00); Provider handling elevated cross-route load; Rising timeout rate detected,Activate fallback routing. Alert operations team. Monitor every 15 min.,20.5,79.5,2.25
Route_C,CASH_OUT,21-23,Low,6647.0,0.6718297936854872,0.11769464303907451,0.8823053569609255,0.3333333333333333,0.3,1,0.25795271469402375,Provider_3,2294,Sustained pressure across recent windows; Peak hour traffic (18:00–21:00),Normal operation. Maintain standard monitoring cadence.,11.8,88.2,0.67
Route_C,DEBIT,00-02,Low,1211.0,0.1223989589518767,0.07250549657995077,0.9274945034200491,0.0,0.3,0,0.04558337328698703,Provider_3,18,Low observable stress across all signals,Normal operation. Maintain standard monitoring cadence.,7.3,92.7,0.12
Route_C,DEBIT,03-05,Low,59.0,0.0059632853659461,0.07360338296548115,0.9263966170345188,0.0,0.3,0,0.0007079288025889603,Provider_3,4,Low observable stress across all signals,Normal operation. Maintain standard monitoring cadence.,7.4,92.6,0.01
Route_C,DEBIT,06-08,Low,455.0,0.045988048161109706,0.0822484196580399,0.9177515803419601,0.0,0.3,0,0.013154740501018733,Provider_3,3,Low observable stress across all signals,Normal operation. Maintain standard monitoring cadence.,8.2,91.8,0.05
Route_C,DEBIT,09-11,Medium,14315.0,1.4468547459918384,0.1703132124028385,0.8296867875971614,0.0,0.3,0,0.5071543509528946,Provider_3,50,Rising timeout rate detected,Monitor closely. Pre-position fallback route. Notify on-call engineer.,17.0,83.0,1.45
Route_C,DEBIT,12-14,Medium,17885.0,1.8076840469482385,0.1862709029710103,0.8137290970289897,0.0,0.3,0,0.6069861233696184,Provider_2,66,Transaction spike above normal load; Rising timeout rate detected,Monitor closely. Pre-position fallback route. Notify on-call engineer.,18.6,81.4,1.81
Route_C,DEBIT,15-17,High,16303.0,1.6477871410342255,0.1771783197287982,0.8228216802712018,0.0,0.3,0,0.5739784706882873,Provider_2,63,Rising timeout rate detected,Activate fallback routing. Alert operations team. Monitor every 15 min.,17.7,82.3,1.65
Route_C,DEBIT,18-20,High,22276.0,2.251493979861278,0.21113001303044224,0.7888699869695577,0.3333333333333333,0.3,1,0.7340478418528482,Provider_3,83,Transaction spike above normal load; Sustained pressure across recent windows; Peak hour traffic (18:00–21:00); Provider handling elevated cross-route load; Rising timeout rate detected,Activate fallback routing. Alert operations team. Monitor every 15 min.,21.1,78.9,2.25
Route_C,DEBIT,21-23,Low,6647.0,0.6718297936854872,0.11374076583651004,0.88625923416349,0.3333333333333333,0.3,1,0.24389177304326978,Provider_3,48,Sustained pressure across recent windows; Peak hour traffic (18:00–21:00),Normal operation. Maintain standard monitoring cadence.,11.4,88.6,0.67
Route_C,PAYMENT,00-02,Medium,1211.0,0.12239895895187669,0.07251416498367672,0.9274858350163233,0.0,0.3,0,0.04357480331053204,Provider_3,607,Low observable stress across all signals,Monitor closely. Pre-position fallback route. Notify on-call engineer.,7.3,92.7,0.12
Route_C,PAYMENT,03-05,Low,59.0,0.0059632853659461,0.07943773532031183,0.9205622646796882,0.0,0.3,0,0.000797335959851748,Provider_3,23,Low observable stress across all signals,Normal operation. Maintain standard monitoring cadence.,7.9,92.1,0.01
Route_C,PAYMENT,06-08,Low,455.0,0.0459880481611097,0.08184882392834408,0.9181511760716559,0.0,0.3,0,0.016301131228315616,Provider_2,185,Low observable stress across all signals,Normal operation. Maintain standard monitoring cadence.,8.2,91.8,0.05
Route_C,PAYMENT,09-11,Medium,14315.0,1.4468547459918384,0.17040668382619056,0.8295933161738095,0.0,0.3,0,0.5086754252122273,Provider_3,3453,Rising timeout rate detected,Monitor closely. Pre-position fallback route. Notify on-call engineer.,17.0,83.0,1.45
Route_C,PAYMENT,12-14,Medium,17885.0,1.8076840469482385,0.18516139801062265,0.8148386019893773,0.0,0.3,0,0.6304263301818607,Provider_3,4089,Transaction spike above normal load; Rising timeout rate detected,Monitor closely. Pre-position fallback route. Notify on-call engineer.,18.5,81.5,1.81
Route_C,PAYMENT,15-17,Medium,16303.0,1.6477871410342255,0.1768685563873821,0.8231314436126178,0.0,0.3,0,0.5818276929415145,Provider_2,3781,Rising timeout rate detected,Monitor closely. Pre-position fallback route. Notify on-call engineer.,17.7,82.3,1.65
Route_C,PAYMENT,18-20,High,22276.0,2.251493979861278,0.2049953218812043,0.7950046781187956,0.3333333333333333,0.3,1,0.7978505018923812,Provider_3,5310,Transaction spike above normal load; Sustained pressure across recent windows; Peak hour traffic (18:00–21:00); Provider handling elevated cross-route load; Rising timeout rate detected,Activate fallback routing. Alert operations team. Monitor every 15 min.,20.5,79.5,2.25
Route_C,PAYMENT,21-23,Low,6647.0,0.6718297936854872,0.1143353718217772,0.8856646281782228,0.3333333333333333,0.3,1,0.2563702034462862,Provider_3,2557,Sustained pressure across recent windows; Peak hour traffic (18:00–21:00),Normal operation. Maintain standard monitoring cadence.,11.4,88.6,0.67
Route_C,TRANSFER,00-02,Low,1211.0,0.1223989589518767,0.07152205205058086,0.9284779479494192,0.0,0.3,0,0.04434106436533615,Provider_2,84,Low observable stress across all signals,Normal operation. Maintain standard monitoring cadence.,7.2,92.8,0.12
Route_C,TRANSFER,03-05,Low,59.0,0.005963285365946101,0.08202113750272098,0.917978862497279,0.0,0.3,0,0.0007079288025889602,Provider_3,6,Low observable stress across all signals,Normal operation. Maintain standard monitoring cadence.,8.2,91.8,0.01
Route_C,TRANSFER,06-08,Low,455.0,0.04598804816110969,0.08232109000733187,0.9176789099926681,0.0,0.3,0,0.016340990103653596,Provider_2,46,Low observable stress across all signals,Normal operation. Maintain standard monitoring cadence.,8.2,91.8,0.05
Route_C,TRANSFER,09-11,Medium,14315.0,1.4468547459918384,0.17020139913712126,0.8297986008628787,0.0,0.3,0,0.5164083743938113,Provider_3,925,Rising timeout rate detected,Monitor closely. Pre-position fallback route. Notify on-call engineer.,17.0,83.0,1.45
Route_C,TRANSFER,12-14,Medium,17885.0,1.8076840469482385,0.1851741373920621,0.8148258626079379,0.0,0.3,0,0.6158397128348748,Provider_3,1191,Transaction spike above normal load; Rising timeout rate detected,Monitor closely. Pre-position fallback route. Notify on-call engineer.,18.5,81.5,1.81
Route_C,TRANSFER,15-17,Medium,16303.0,1.6477871410342255,0.1772376850887807,0.8227623149112192,0.0,0.3,0,0.5758517121983517,Provider_2,1084,Rising timeout rate detected,Monitor closely. Pre-position fallback route. Notify on-call engineer.,17.7,82.3,1.65
Route_C,TRANSFER,18-20,High,22276.0,2.251493979861278,0.2045121513730768,0.7954878486269231,0.3333333333333333,0.3,1,0.7930475778986428,Provider_2,1337,Transaction spike above normal load; Sustained pressure across recent windows; Peak hour traffic (18:00–21:00); Provider handling elevated cross-route load; Rising timeout rate detected,Activate fallback routing. Alert operations team. Monitor every 15 min.,20.5,79.5,2.25
Route_C,TRANSFER,21-23,Low,6647.0,0.6718297936854872,0.11565721003125988,0.88434278996874,0.3333333333333333,0.3,1,0.25815222534080146,Provider_2,437,Sustained pressure across recent windows; Peak hour traffic (18:00–21:00),Normal operation. Maintain standard monitoring cadence.,11.6,88.4,0.67
Route_D,CASH_IN,00-02,Low,1171.0,0.1202907111122525,0.07713936144221391,0.9228606385577861,0.0,0.5,0,0.04595671638700149,Provider_2,191,Low observable stress across all signals,Normal operation. Maintain standard monitoring cadence.,7.7,92.3,0.12
Route_D,CASH_IN,03-05,Low,47.0,0.0048280644084337,0.11407572774488978,0.8859242722551102,0.0,0.5,0,0.0009901749264969767,Provider_2,17,Low observable stress across all signals,Normal operation. Maintain standard monitoring cadence.,11.4,88.6,0.0
Route_D,CASH_IN,06-08,Low,477.0,0.0489997175068697,0.0856783401906098,0.9143216598093902,0.0,0.5,0,0.018294119730203798,Provider_3,66,Low observable stress across all signals,Normal operation. Maintain standard monitoring cadence.,8.6,91.4,0.05
Route_D,CASH_IN,09-11,Medium,14042.0,1.4424612856005548,0.17394214094598462,0.8260578590540153,0.0,0.5,0,0.5407734092643849,Provider_2,3178,Rising timeout rate detected,Monitor closely. Pre-position fallback route. Notify on-call engineer.,17.4,82.6,1.44
Route_D,CASH_IN,12-14,High,17281.0,1.7751868306838905,0.18590152746417862,0.8140984725358212,0.3333333333333333,0.5,0,0.674011798574292,Provider_3,3760,Sustained pressure across recent windows; Rising timeout rate detected,Activate fallback routing. Alert operations team. Monitor every 15 min.,18.6,81.4,1.78
Route_D,CASH_IN,15-17,Medium,15836.0,1.6267495313182156,0.17934022526578064,0.8206597747342194,0.3333333333333333,0.5,0,0.6190646163062389,Provider_2,3362,Sustained pressure across recent windows; Rising timeout rate detected,Monitor closely. Pre-position fallback route. Notify on-call engineer.,17.9,82.1,1.63
Route_D,CASH_IN,18-20,High,21876.0,2.24720717018927,0.20733501300162238,0.7926649869983775,0.6666666666666666,0.5,1,0.8461849030076187,Provider_3,4599,Transaction spike above normal load; Sustained pressure across recent windows; Peak hour traffic (18:00–21:00); Provider handling elevated cross-route load; Rising timeout rate detected,Activate fallback routing. Alert operations team. Monitor every 15 min.,20.7,79.3,2.25
Route_D,CASH_IN,21-23,Low,7148.0,0.7342766891805133,0.12054772696655801,0.879452273033442,0.3333333333333333,0.5,1,0.27798617809469145,Provider_3,1436,Sustained pressure across recent windows; Peak hour traffic (18:00–21:00),Normal operation. Maintain standard monitoring cadence.,12.1,87.9,0.73
Route_D,CASH_OUT,00-02,Low,1171.0,0.12029071111225248,0.07728396998386385,0.9227160300161361,0.0,0.5,0,0.04986339758923121,Provider_3,230,Low observable stress across all signals,Normal operation. Maintain standard monitoring cadence.,7.7,92.3,0.12
Route_D,CASH_OUT,03-05,Low,47.0,0.0048280644084337,0.1109907575983983,0.8890092424016017,0.0,0.5,0,0.0010770198876994433,Provider_3,13,Low observable stress across all signals,Normal operation. Maintain standard monitoring cadence.,11.1,88.9,0.0
Route_D,CASH_OUT,06-08,Low,477.0,0.0489997175068697,0.08796891372002301,0.912031086279977,0.0,0.5,0,0.01784489991609725,Provider_3,150,Low observable stress across all signals,Normal operation. Maintain standard monitoring cadence.,8.8,91.2,0.05
Route_D,CASH_OUT,09-11,Medium,14042.0,1.4424612856005548,0.1742819841475278,0.8257180158524722,0.0,0.5,0,0.5480062097340794,Provider_2,5812,Rising timeout rate detected,Monitor closely. Pre-position fallback route. Notify on-call engineer.,17.4,82.6,1.44
Route_D,CASH_OUT,12-14,High,17281.0,1.7751868306838905,0.18661322732323865,0.8133867726767613,0.3333333333333333,0.5,0,0.6677705321606439,Provider_2,7347,Sustained pressure across recent windows; Rising timeout rate detected,Activate fallback routing. Alert operations team. Monitor every 15 min.,18.7,81.3,1.78
Route_D,CASH_OUT,15-17,Medium,15836.0,1.6267495313182156,0.17948312570560002,0.8205168742943999,0.3333333333333333,0.5,0,0.6172070066665534,Provider_3,6791,Sustained pressure across recent windows; Rising timeout rate detected,Monitor closely. Pre-position fallback route. Notify on-call engineer.,17.9,82.1,1.63
Route_D,CASH_OUT,18-20,High,21876.0,2.24720717018927,0.20751794409785687,0.7924820559021432,0.6666666666666666,0.5,1,0.843613570951886,Provider_2,9398,Transaction spike above normal load; Sustained pressure across recent windows; Peak hour traffic (18:00–21:00); Provider handling elevated cross-route load; Rising timeout rate detected,Activate fallback routing. Alert operations team. Monitor every 15 min.,20.8,79.2,2.25
Route_D,CASH_OUT,21-23,Low,7148.0,0.7342766891805131,0.1217099409021319,0.8782900590978681,0.3333333333333333,0.5,1,0.27869637886718074,Provider_2,2025,Sustained pressure across recent windows; Peak hour traffic (18:00–21:00),Normal operation. Maintain standard monitoring cadence.,12.2,87.8,0.73
Route_D,DEBIT,00-02,Low,1171.0,0.1202907111122525,0.06917468474935375,0.9308253152506463,0.0,0.5,0,0.04545914239482195,Provider_3,28,Low observable stress across all signals,Normal operation. Maintain standard monitoring cadence.,6.9,93.1,0.12
Route_D,DEBIT,06-08,Low,477.0,0.04899971750686969,0.10227847095163385,0.8977215290483661,0.0,0.5,0,0.013154740501018733,Provider_2,3,Low observable stress across all signals,Normal operation. Maintain standard monitoring cadence.,10.2,89.8,0.05
Route_D,DEBIT,09-11,Medium,14042.0,1.4424612856005548,0.17520934620092213,0.8247906537990779,0.0,0.5,0,0.5253608087345951,Provider_3,55,Rising timeout rate detected,Monitor closely. Pre-position fallback route. Notify on-call engineer.,17.5,82.5,1.44
Route_D,DEBIT,12-14,High,17281.0,1.7751868306838905,0.1860889361314462,0.8139110638685537,0.3333333333333333,0.5,0,0.6829159792288004,Provider_3,68,Sustained pressure across recent windows; Rising timeout rate detected,Activate fallback routing. Alert operations team. Monitor every 15 min.,18.6,81.4,1.78
Route_D,DEBIT,15-17,Medium,15836.0,1.6267495313182156,0.1786265083029528,0.8213734916970472,0.3333333333333333,0.5,0,0.6220398623311244,Provider_3,70,Sustained pressure across recent windows; Rising timeout rate detected,Monitor closely. Pre-position fallback route. Notify on-call engineer.,17.9,82.1,1.63
Route_D,DEBIT,18-20,High,21876.0,2.24720717018927,0.20922015694195503,0.7907798430580449,0.6666666666666666,0.5,1,0.828883495145631,Provider_3,99,Transaction spike above normal load; Sustained pressure across recent windows; Peak hour traffic (18:00–21:00); Provider handling elevated cross-route load; Rising timeout rate detected,Activate fallback routing. Alert operations team. Monitor every 15 min.,20.9,79.1,2.25
Route_D,DEBIT,21-23,Low,7148.0,0.7342766891805131,0.12177765499466783,0.8782223450053321,0.3333333333333333,0.5,1,0.2857567979764163,Provider_3,58,Sustained pressure across recent windows; Peak hour traffic (18:00–21:00),Normal operation. Maintain standard monitoring cadence.,12.2,87.8,0.73
Route_D,PAYMENT,00-02,Medium,1171.0,0.1202907111122525,0.07436079179150822,0.9256392082084918,0.0,0.5,0,0.04836142337332127,Provider_3,663,Low observable stress across all signals,Monitor closely. Pre-position fallback route. Notify on-call engineer.,7.4,92.6,0.12
Route_D,PAYMENT,03-05,Low,47.0,0.0048280644084337,0.09858885523059749,0.9014111447694025,0.0,0.5,0,0.0008450197770585681,Provider_3,10,Low observable stress across all signals,Normal operation. Maintain standard monitoring cadence.,9.9,90.1,0.0
Route_D,PAYMENT,06-08,Low,477.0,0.0489997175068697,0.08357992404378144,0.9164200759562185,0.0,0.5,0,0.01801240560949291,Provider_2,225,Low observable stress across all signals,Normal operation. Maintain standard monitoring cadence.,8.4,91.6,0.05
Route_D,PAYMENT,09-11,Medium,14042.0,1.4424612856005548,0.17342354462129467,0.8265764553787053,0.0,0.5,0,0.5433571173862436,Provider_2,4329,Rising timeout rate detected,Monitor closely. Pre-position fallback route. Notify on-call engineer.,17.3,82.7,1.44
Route_D,PAYMENT,12-14,High,17281.0,1.7751868306838905,0.18637255767009167,0.8136274423299084,0.3333333333333333,0.5,0,0.6677308244192462,Provider_3,5240,Sustained pressure across recent windows; Rising timeout rate detected,Activate fallback routing. Alert operations team. Monitor every 15 min.,18.6,81.4,1.78
Route_D,PAYMENT,15-17,Medium,15836.0,1.6267495313182156,0.17981388229801193,0.820186117701988,0.3333333333333333,0.5,0,0.6162555730118331,Provider_3,4814,Sustained pressure across recent windows; Rising timeout rate detected,Monitor closely. Pre-position fallback route. Notify on-call engineer.,18.0,82.0,1.63
Route_D,PAYMENT,18-20,High,21876.0,2.24720717018927,0.20762774265700587,0.7923722573429941,0.6666666666666666,0.5,1,0.8382763444603463,Provider_2,6777,Transaction spike above normal load; Sustained pressure across recent windows; Peak hour traffic (18:00–21:00); Provider handling elevated cross-route load; Rising timeout rate detected,Activate fallback routing. Alert operations team. Monitor every 15 min.,20.8,79.2,2.25
Route_D,PAYMENT,21-23,Low,7148.0,0.7342766891805131,0.11960916919370491,0.8803908308062951,0.3333333333333333,0.5,1,0.2764497900554139,Provider_3,3317,Sustained pressure across recent windows; Peak hour traffic (18:00–21:00),Normal operation. Maintain standard monitoring cadence.,12.0,88.0,0.73
Route_D,TRANSFER,00-02,Low,1171.0,0.1202907111122525,0.0743985707753287,0.9256014292246713,0.0,0.5,0,0.0466151213744598,Provider_3,59,Low observable stress across all signals,Normal operation. Maintain standard monitoring cadence.,7.4,92.6,0.12
Route_D,TRANSFER,03-05,Medium,47.0,0.004828064408433701,0.1116600804774412,0.8883399195225588,0.0,0.5,0,0.0010016951764524058,Provider_3,7,Low observable stress across all signals,Monitor closely. Pre-position fallback route. Notify on-call engineer.,11.2,88.8,0.0
Route_D,TRANSFER,06-08,Low,477.0,0.0489997175068697,0.07883451967195977,0.9211654803280402,0.0,0.5,0,0.018103772351345093,Provider_3,33,Low observable stress across all signals,Normal operation. Maintain standard monitoring cadence.,7.9,92.1,0.05
Route_D,TRANSFER,09-11,Medium,14042.0,1.4424612856005548,0.17445015119617294,0.8255498488038271,0.0,0.5,0,0.5461099107071725,Provider_3,668,Rising timeout rate detected,Monitor closely. Pre-position fallback route. Notify on-call engineer.,17.4,82.6,1.44
Route_D,TRANSFER,12-14,High,17281.0,1.7751868306838905,0.18514282477444946,0.8148571752255506,0.3333333333333333,0.5,0,0.6747112177818304,Provider_3,866,Sustained pressure across recent windows; Rising timeout rate detected,Activate fallback routing. Alert operations team. Monitor every 15 min.,18.5,81.5,1.78
Route_D,TRANSFER,15-17,Medium,15836.0,1.6267495313182156,0.17981197758660752,0.8201880224133925,0.3333333333333333,0.5,0,0.6188593290606427,Provider_3,799,Sustained pressure across recent windows; Rising timeout rate detected,Monitor closely. Pre-position fallback route. Notify on-call engineer.,18.0,82.0,1.63
Route_D,TRANSFER,18-20,High,21876.0,2.24720717018927,0.20843940063705066,0.7915605993629493,0.6666666666666666,0.5,1,0.8505502908749479,Provider_3,1003,Transaction spike above normal load; Sustained pressure across recent windows; Peak hour traffic (18:00–21:00); Provider handling elevated cross-route load; Rising timeout rate detected,Activate fallback routing. Alert operations team. Monitor every 15 min.,20.8,79.2,2.25
Route_D,TRANSFER,21-23,Low,7148.0,0.7342766891805131,0.12165717790254153,0.8783428220974583,0.3333333333333333,0.5,1,0.27633886998773727,Provider_2,312,Sustained pressure across recent windows; Peak hour traffic (18:00–21:00),Normal operation. Maintain standard monitoring cadence.,12.2,87.8,0.73
Route_E,CASH_IN,00-02,Low,576.0,0.1605015673981191,0.0727711291759979,0.9272288708240021,0.0,0.8,0,0.057758000719165696,Provider_3,93,Route infrastructure at capacity,Normal operation. Maintain standard monitoring cadence.,7.3,92.7,0.16
Route_E,CASH_IN,03-05,Low,32.0,0.0089167537443399,0.07425921049424562,0.9257407895057543,0.0,0.8,0,0.001393383674937,Provider_3,3,Route infrastructure at capacity,Normal operation. Maintain standard monitoring cadence.,7.4,92.6,0.01
Route_E,CASH_IN,06-08,Low,203.0,0.0565656565656565,0.08031856597627315,0.9196814340237267,0.0,0.8,0,0.0215300251708018,Provider_3,35,Route infrastructure at capacity,Normal operation. Maintain standard monitoring cadence.,8.0,92.0,0.06
Route_E,CASH_IN,09-11,Low,5267.0,1.4676419366074538,0.13614681309487126,0.8638531869051287,0.0,0.8,0,0.64282182668105,Provider_3,1233,Route infrastructure at capacity,Normal operation. Maintain standard monitoring cadence.,13.6,86.4,1.47
Route_E,CASH_IN,12-14,Low,6119.0,1.705050505050505,0.14086245117936697,0.859137548820633,0.0,0.8,0,0.7887900035958288,Provider_3,1473,Route infrastructure at capacity; Provider handling elevated cross-route load,Normal operation. Maintain standard monitoring cadence.,14.1,85.9,1.71
Route_E,CASH_IN,15-17,Low,5734.0,1.597770811563915,0.13834564824260207,0.8616543517573979,0.0,0.8,0,0.7301779935275081,Provider_3,1356,Route infrastructure at capacity; Provider handling elevated cross-route load,Normal operation. Maintain standard monitoring cadence.,13.8,86.2,1.6
Route_E,CASH_IN,18-20,Low,7836.0,2.1834900731452453,0.1506239190098417,0.8493760809901584,0.0,0.8,1,1.0,Provider_3,1797,Transaction spike above normal load; Peak hour traffic (18:00–21:00); Route infrastructure at capacity; Provider handling elevated cross-route load; Rising timeout rate detected,Normal operation. Maintain standard monitoring cadence.,15.1,84.9,2.18
Route_E,CASH_IN,21-23,Low,2943.0,0.8200626959247649,0.10315064354407201,0.896849356455928,0.0,0.8,1,0.3282542250988853,Provider_3,548,Peak hour traffic (18:00–21:00); Route infrastructure at capacity,Normal operation. Maintain standard monitoring cadence.,10.3,89.7,0.82
Route_E,CASH_OUT,00-02,Low,576.0,0.1605015673981191,0.06954418601364723,0.9304558139863528,0.0,0.8,0,0.0577580007191657,Provider_3,39,Route infrastructure at capacity,Normal operation. Maintain standard monitoring cadence.,7.0,93.0,0.16
Route_E,CASH_OUT,03-05,Low,32.0,0.0089167537443399,0.06374394692284681,0.9362560530771531,0.0,0.8,0,0.001393383674937,Provider_3,6,Route infrastructure at capacity,Normal operation. Maintain standard monitoring cadence.,6.4,93.6,0.01
Route_E,CASH_OUT,06-08,Low,203.0,0.0565656565656565,0.08373695881862873,0.9162630411813711,0.0,0.8,0,0.0215300251708018,Provider_3,27,Route infrastructure at capacity,Normal operation. Maintain standard monitoring cadence.,8.4,91.6,0.06
Route_E,CASH_OUT,09-11,Low,5267.0,1.4676419366074538,0.1371913787555688,0.8628086212444311,0.0,0.8,0,0.64282182668105,Provider_3,956,Route infrastructure at capacity,Normal operation. Maintain standard monitoring cadence.,13.7,86.3,1.47
Route_E,CASH_OUT,12-14,Low,6119.0,1.7050505050505051,0.141878705810929,0.8581212941890709,0.0,0.8,0,0.7887900035958288,Provider_3,1200,Route infrastructure at capacity; Provider handling elevated cross-route load,Normal operation. Maintain standard monitoring cadence.,14.2,85.8,1.71
Route_E,CASH_OUT,15-17,Low,5734.0,1.597770811563915,0.13835256857897255,0.8616474314210274,0.0,0.8,0,0.7301779935275081,Provider_3,1116,Route infrastructure at capacity; Provider handling elevated cross-route load,Normal operation. Maintain standard monitoring cadence.,13.8,86.2,1.6
Route_E,CASH_OUT,18-20,Low,7836.0,2.1834900731452453,0.1497445453040539,0.8502554546959461,0.0,0.8,1,1.0,Provider_3,1583,Transaction spike above normal load; Peak hour traffic (18:00–21:00); Route infrastructure at capacity; Provider handling elevated cross-route load,Normal operation. Maintain standard monitoring cadence.,15.0,85.0,2.18
Route_E,CASH_OUT,21-23,Low,2943.0,0.8200626959247649,0.1048799223512866,0.8951200776487134,0.0,0.8,1,0.3282542250988853,Provider_3,301,Peak hour traffic (18:00–21:00); Route infrastructure at capacity,Normal operation. Maintain standard monitoring cadence.,10.5,89.5,0.82
Route_E,DEBIT,00-02,Low,576.0,0.1605015673981191,0.07022347128233564,0.9297765287176644,0.0,0.8,0,0.057758000719165696,Provider_3,38,Route infrastructure at capacity,Normal operation. Maintain standard monitoring cadence.,7.0,93.0,0.16
Route_E,DEBIT,03-05,Low,32.0,0.0089167537443399,0.05987925851748965,0.9401207414825103,0.0,0.8,0,0.001393383674937,Provider_3,2,Route infrastructure at capacity,Normal operation. Maintain standard monitoring cadence.,6.0,94.0,0.01
Route_E,DEBIT,06-08,Low,203.0,0.0565656565656565,0.05814898363879695,0.941851016361203,0.0,0.8,0,0.0215300251708018,Provider_3,2,Route infrastructure at capacity,Normal operation. Maintain standard monitoring cadence.,5.8,94.2,0.06
Route_E,DEBIT,09-11,Low,5267.0,1.4676419366074538,0.13316836508860502,0.8668316349113949,0.0,0.8,0,0.64282182668105,Provider_3,67,Route infrastructure at capacity,Normal operation. Maintain standard monitoring cadence.,13.3,86.7,1.47
Route_E,DEBIT,12-14,Low,6119.0,1.7050505050505051,0.13608962728928378,0.8639103727107161,0.0,0.8,0,0.7887900035958288,Provider_3,70,Route infrastructure at capacity; Provider handling elevated cross-route load,Normal operation. Maintain standard monitoring cadence.,13.6,86.4,1.71
Route_E,DEBIT,15-17,Low,5734.0,1.597770811563915,0.13751635055753572,0.8624836494424643,0.0,0.8,0,0.7301779935275081,Provider_3,74,Route infrastructure at capacity; Provider handling elevated cross-route load,Normal operation. Maintain standard monitoring cadence.,13.8,86.2,1.6
Route_E,DEBIT,18-20,Low,7836.0,2.1834900731452453,0.15171142473059918,0.8482885752694007,0.0,0.8,1,1.0,Provider_3,105,Transaction spike above normal load; Peak hour traffic (18:00–21:00); Route infrastructure at capacity; Provider handling elevated cross-route load; Rising timeout rate detected,Normal operation. Maintain standard monitoring cadence.,15.2,84.8,2.18
Route_E,DEBIT,21-23,Low,2943.0,0.8200626959247649,0.09677678583741454,0.9032232141625853,0.0,0.8,1,0.3282542250988853,Provider_3,65,Peak hour traffic (18:00–21:00); Route infrastructure at capacity,Normal operation. Maintain standard monitoring cadence.,9.7,90.3,0.82
Route_E,PAYMENT,00-02,Low,576.0,0.1605015673981191,0.06946290742940373,0.9305370925705961,0.0,0.8,0,0.0577580007191657,Provider_3,389,Route infrastructure at capacity,Normal operation. Maintain standard monitoring cadence.,6.9,93.1,0.16
Route_E,PAYMENT,03-05,Low,32.0,0.0089167537443399,0.06358479854026139,0.9364152014597386,0.0,0.8,0,0.001393383674937,Provider_3,18,Route infrastructure at capacity,Normal operation. Maintain standard monitoring cadence.,6.4,93.6,0.01
Route_E,PAYMENT,06-08,Low,203.0,0.0565656565656565,0.08269454504362367,0.9173054549563763,0.0,0.8,0,0.0215300251708018,Provider_3,128,Route infrastructure at capacity,Normal operation. Maintain standard monitoring cadence.,8.3,91.7,0.06
Route_E,PAYMENT,09-11,Low,5267.0,1.4676419366074538,0.1361898815812308,0.8638101184187691,0.0,0.8,0,0.64282182668105,Provider_3,2767,Route infrastructure at capacity,Normal operation. Maintain standard monitoring cadence.,13.6,86.4,1.47
Route_E,PAYMENT,12-14,Low,6119.0,1.7050505050505051,0.1405737909172933,0.8594262090827067,0.0,0.8,0,0.7887900035958288,Provider_3,3092,Route infrastructure at capacity; Provider handling elevated cross-route load,Normal operation. Maintain standard monitoring cadence.,14.1,85.9,1.71
Route_E,PAYMENT,15-17,Low,5734.0,1.597770811563915,0.13777888070369454,0.8622211192963055,0.0,0.8,0,0.7301779935275081,Provider_3,2915,Route infrastructure at capacity; Provider handling elevated cross-route load,Normal operation. Maintain standard monitoring cadence.,13.8,86.2,1.6
Route_E,PAYMENT,18-20,Low,7836.0,2.1834900731452453,0.15023012856148021,0.8497698714385197,0.0,0.8,1,1.0,Provider_3,4032,Transaction spike above normal load; Peak hour traffic (18:00–21:00); Route infrastructure at capacity; Provider handling elevated cross-route load; Rising timeout rate detected,Normal operation. Maintain standard monitoring cadence.,15.0,85.0,2.18
Route_E,PAYMENT,21-23,Low,2943.0,0.8200626959247649,0.09890117752449774,0.9010988224755022,0.0,0.8,1,0.3282542250988853,Provider_3,1924,Peak hour traffic (18:00–21:00); Route infrastructure at capacity,Normal operation. Maintain standard monitoring cadence.,9.9,90.1,0.82
Route_E,TRANSFER,00-02,Low,576.0,0.1605015673981191,0.06946013189026234,0.9305398681097375,0.0,0.8,0,0.0577580007191657,Provider_3,17,Route infrastructure at capacity,Normal operation. Maintain standard monitoring cadence.,6.9,93.1,0.16
Route_E,TRANSFER,03-05,Low,32.0,0.0089167537443399,0.08945762455549716,0.9105423754445029,0.0,0.8,0,0.001393383674937,Provider_3,3,Route infrastructure at capacity,Normal operation. Maintain standard monitoring cadence.,8.9,91.1,0.01
Route_E,TRANSFER,06-08,Low,203.0,0.05656565656565649,0.06989804391509956,0.9301019560849003,0.0,0.8,0,0.0215300251708018,Provider_3,11,Route infrastructure at capacity,Normal operation. Maintain standard monitoring cadence.,7.0,93.0,0.06
Route_E,TRANSFER,09-11,Low,5267.0,1.4676419366074538,0.13691772060262267,0.8630822793973772,0.0,0.8,0,0.64282182668105,Provider_3,244,Route infrastructure at capacity,Normal operation. Maintain standard monitoring cadence.,13.7,86.3,1.47
Route_E,TRANSFER,12-14,Low,6119.0,1.7050505050505051,0.14211026865769671,0.8578897313423033,0.0,0.8,0,0.7887900035958288,Provider_3,284,Route infrastructure at capacity; Provider handling elevated cross-route load,Normal operation. Maintain standard monitoring cadence.,14.2,85.8,1.71
Route_E,TRANSFER,15-17,Low,5734.0,1.597770811563915,0.13677441745596375,0.8632255825440363,0.0,0.8,0,0.7301779935275081,Provider_3,273,Route infrastructure at capacity; Provider handling elevated cross-route load,Normal operation. Maintain standard monitoring cadence.,13.7,86.3,1.6
Route_E,TRANSFER,18-20,Low,7836.0,2.1834900731452453,0.150542383566539,0.849457616433461,0.0,0.8,1,1.0,Provider_3,319,Transaction spike above normal load; Peak hour traffic (18:00–21:00); Route infrastructure at capacity; Provider handling elevated cross-route load; Rising timeout rate detected,Normal operation. Maintain standard monitoring cadence.,15.1,84.9,2.18
Route_E,TRANSFER,21-23,Low,2943.0,0.8200626959247648,0.10247743057100117,0.8975225694289989,0.0,0.8,1,0.32825422509888535,Provider_3,105,Peak hour traffic (18:00–21:00); Route infrastructure at capacity,Normal operation. Maintain standard monitoring cadence.,10.2,89.8,0.82
